[{"model": "flylo.airline", "pk": 1, "fields": {"code": "IBE", "price": "4.25"}}, {"model": "flylo.airline", "pk": 2, "fields": {"code": "VLG", "price": "1.50"}}, {"model": "flylo.airline", "pk": 3, "fields": {"code": "DAL", "price": "9.75"}}, {"model": "flylo.airline", "pk": 4, "fields": {"code": "RYA", "price": "0.75"}}, {"model": "flylo.airplane", "pk": 1, "fields": {"aircraft": "B764", "seats_first_class": 10, "seats_business": 20, "seats_economy": 50}}, {"model": "flylo.airplane", "pk": 2, "fields": {"aircraft": "A320", "seats_first_class": 5, "seats_business": 10, "seats_economy": 80}}, {"model": "flylo.airplane", "pk": 3, "fields": {"aircraft": "A135", "seats_first_class": 10, "seats_business": 30, "seats_economy": 50}}, {"model": "flylo.flight", "pk": 1, "fields": {"airplane": 2, "flight_number": "VLG1053", "estimated_time_departure": "2017-03-28T19:40:00Z", "estimated_time_arrival": "2017-03-28T20:45:00Z", "location_departure": "BCN", "location_arrival": "MAD", "status": "FLYING", "base_price": "70.00", "airlines": [1, 2, 4]}}, {"model": "flylo.flight", "pk": 2, "fields": {"airplane": 1, "flight_number": "DAL477", "estimated_time_departure": "2017-03-29T10:10:00Z", "estimated_time_arrival": "2017-03-29T18:08:00Z", "location_departure": "BCN", "location_arrival": "JFK", "status": "DELAYED", "base_price": "500.00", "airlines": [3]}}, {"model": "flylo.flight", "pk": 3, "fields": {"airplane": 1, "flight_number": "VLG6509", "estimated_time_departure": "2017-09-23T05:00:00Z", "estimated_time_arrival": "2017-09-24T07:05:00Z", "location_departure": "MAD", "location_arrival": "BCN", "status": "OK", "base_price": "60.00", "airlines": [1, 2]}}, {"model": "flylo.flight", "pk": 4, "fields": {"airplane": 3, "flight_number": "IBE1714", "estimated_time_departure": "2017-09-07T12:00:00Z", "estimated_time_arrival": "2017-09-07T14:05:00Z", "location_departure": "MAD", "location_arrival": "BCN", "status": "OK", "base_price": "85.00", "airlines": [1, 2, 4]}}, {"model": "flylo.flight", "pk": 5, "fields": {"airplane": 3, "flight_number": "DAL509", "estimated_time_departure": "2017-09-10T07:10:00Z", "estimated_time_arrival": "2017-09-10T15:08:00Z", "location_departure": "MAD", "location_arrival": "JFK", "status": "OK", "base_price": "455.00", "airlines": [1, 3]}}, {"model": "flylo.flight", "pk": 6, "fields": {"airplane": 1, "flight_number": "IBE3712", "estimated_time_departure": "2017-09-20T07:10:00Z", "estimated_time_arrival": "2017-09-20T15:08:00Z", "location_departure": "JFK", "location_arrival": "MAD", "status": "OK", "base_price": "655.00", "airlines": [1, 3]}}, {"model": "flylo.flight", "pk": 7, "fields": {"airplane": 2, "flight_number": "DAL858", "estimated_time_departure": "2017-09-11T10:10:00Z", "estimated_time_arrival": "2017-09-11T18:08:00Z", "location_departure": "JFK", "location_arrival": "BCN", "status": "OK", "base_price": "605.00", "airlines": [1, 3]}}, {"model": "flylo.flight", "pk": 8, "fields": {"airplane": 1, "flight_number": "VLG8631", "estimated_time_departure": "2017-10-15T14:45:00Z", "estimated_time_arrival": "2017-10-15T16:00:00Z", "location_departure": "MAD", "location_arrival": "BCN", "status": "OK", "base_price": "90.00", "airlines": [2]}}, {"model": "flylo.flight", "pk": 9, "fields": {"airplane": 1, "flight_number": "RYA4319", "estimated_time_departure": "2017-11-02T15:20:00Z", "estimated_time_arrival": "2017-11-02T17:00:00Z", "location_departure": "BCN", "location_arrival": "MAD", "status": "OK", "base_price": "75.00", "airlines": [1, 2, 4]}}, {"model": "flylo.flight", "pk": 10, "fields": {"airplane": 3, "flight_number": "DAL066", "estimated_time_departure": "2017-09-29T22:00:00Z", "estimated_time_arrival": "2017-09-30T06:08:00Z", "location_departure": "JFK", "location_arrival": "BCN", "status": "OK", "base_price": "540.00", "airlines": [1, 3]}}, {"model": "flylo.flight", "pk": 11, "fields": {"airplane": 3, "flight_number": "IBE5713", "estimated_time_departure": "2017-09-25T17:20:00Z", "estimated_time_arrival": "2017-09-25T19:10:00Z", "location_departure": "BCN", "location_arrival": "MAD", "status": "OK", "base_price": "75.00", "airlines": [1]}}, {"model": "flylo.flight", "pk": 12, "fields": {"airplane": 1, "flight_number": "DAL200", "estimated_time_departure": "2017-10-10T07:05:00Z", "estimated_time_arrival": "2017-10-10T15:08:00Z", "location_departure": "BCN", "location_arrival": "JFK", "status": "OK", "base_price": "650.00", "airlines": [1, 3]}}, {"model": "flylo.flight", "pk": 17, "fields": {"airplane": 1, "flight_number": "DAL0000", "estimated_time_departure": "2017-05-23T14:12:45Z", "estimated_time_arrival": "2017-05-23T14:12:46Z", "location_departure": "MAD", "location_arrival": "BCN", "status": "CANCELLED", "base_price": "75.00", "airlines": [3]}}, {"model": "flylo.flight", "pk": 18, "fields": {"airplane": 2, "flight_number": "DAL0000", "estimated_time_departure": "2017-05-23T14:13:49Z", "estimated_time_arrival": "2017-05-23T14:13:50Z", "location_departure": "MAD", "location_arrival": "BCN", "status": "asdads", "base_price": "0.00", "airlines": [3]}}, {"model": "flylo.reservation", "pk": 26, "fields": {"flight": 1, "airline": 2, "client": 3, "type": "e", "seat": "", "price": "87.00", "paid": true, "checkin": false, "created": "2017-05-12T09:56:25.227Z", "forename": "", "surname": ""}}, {"model": "flylo.reservation", "pk": 39, "fields": {"flight": 2, "airline": 3, "client": 1, "type": "e", "seat": "E01", "price": "500.00", "paid": true, "checkin": true, "created": "2017-05-13T15:14:40.819Z", "forename": "Sonia", "surname": "Batllori"}}, {"model": "flylo.reservation", "pk": 40, "fields": {"flight": 1, "airline": 1, "client": 1, "type": "e", "seat": "E02", "price": "71.11", "paid": true, "checkin": true, "created": "2017-05-13T15:14:40.839Z", "forename": "Ostres", "surname": "QuinPAl"}}, {"model": "flylo.reservation", "pk": 50, "fields": {"flight": 1, "airline": 1, "client": 1, "type": "e", "seat": "E01", "price": "72.21", "paid": true, "checkin": true, "created": "2017-05-15T22:44:58.966Z", "forename": "jeje", "surname": "jaja"}}, {"model": "flylo.reservation", "pk": 51, "fields": {"flight": 1, "airline": 1, "client": null, "type": "e", "seat": null, "price": "73.32", "paid": false, "checkin": false, "created": "2017-05-16T00:31:51.158Z", "forename": null, "surname": null}}, {"model": "flylo.reservation", "pk": 52, "fields": {"flight": 1, "airline": 1, "client": null, "type": "e", "seat": null, "price": "73.32", "paid": true, "checkin": false, "created": "2017-05-16T00:32:16.044Z", "forename": null, "surname": null}}, {"model": "flylo.reservation", "pk": 53, "fields": {"flight": 1, "airline": 1, "client": 1, "type": "e", "seat": "E36", "price": "74.42", "paid": true, "checkin": true, "created": "2017-05-16T00:32:52.920Z", "forename": "Jef", "surname": "Azo"}}, {"model": "flylo.reservation", "pk": 54, "fields": {"flight": 2, "airline": 3, "client": null, "type": "e", "seat": null, "price": "509.38", "paid": false, "checkin": false, "created": "2017-05-16T00:33:47.494Z", "forename": null, "surname": null}}, {"model": "flylo.reservation", "pk": 58, "fields": {"flight": 7, "airline": 1, "client": null, "type": "e", "seat": null, "price": "392.65", "paid": false, "checkin": false, "created": "2017-05-17T05:53:28.076Z", "forename": null, "surname": null}}, {"model": "flylo.reservation", "pk": 59, "fields": {"flight": 7, "airline": 1, "client": null, "type": "e", "seat": null, "price": "392.65", "paid": false, "checkin": false, "created": "2017-05-17T05:53:28.213Z", "forename": null, "surname": null}}, {"model": "flylo.reservation", "pk": 60, "fields": {"flight": 7, "airline": 1, "client": null, "type": "e", "seat": null, "price": "392.65", "paid": false, "checkin": false, "created": "2017-05-17T05:53:28.336Z", "forename": null, "surname": null}}, {"model": "flylo.reservation", "pk": 61, "fields": {"flight": 7, "airline": 1, "client": null, "type": "e", "seat": null, "price": "392.65", "paid": false, "checkin": false, "created": "2017-05-17T05:53:28.458Z", "forename": null, "surname": null}}, {"model": "flylo.reservation", "pk": 62, "fields": {"flight": 2, "airline": 3, "client": null, "type": "b", "seat": null, "price": "764.06", "paid": false, "checkin": false, "created": "2017-05-17T05:53:36.918Z", "forename": null, "surname": null}}, {"model": "flylo.reservation", "pk": 63, "fields": {"flight": 7, "airline": 1, "client": 3, "type": "e", "seat": null, "price": "392.65", "paid": true, "checkin": false, "created": "2017-05-17T05:57:27.130Z", "forename": null, "surname": null}}, {"model": "flylo.reservation", "pk": 64, "fields": {"flight": 7, "airline": 1, "client": 3, "type": "e", "seat": null, "price": "392.65", "paid": true, "checkin": false, "created": "2017-05-17T05:57:27.283Z", "forename": null, "surname": null}}, {"model": "flylo.reservation", "pk": 65, "fields": {"flight": 2, "airline": 3, "client": 3, "type": "e", "seat": null, "price": "509.38", "paid": true, "checkin": false, "created": "2017-05-17T05:57:41.544Z", "forename": null, "surname": null}}, {"model": "flylo.reservation", "pk": 66, "fields": {"flight": 6, "airline": 3, "client": 3, "type": "e", "seat": null, "price": "419.20", "paid": true, "checkin": false, "created": "2017-05-17T13:42:56.454Z", "forename": null, "surname": null}}, {"model": "flylo.reservation", "pk": 67, "fields": {"flight": 5, "airline": 1, "client": 3, "type": "f", "seat": null, "price": "748.47", "paid": true, "checkin": false, "created": "2017-05-18T07:42:13.512Z", "forename": null, "surname": null}}, {"model": "flylo.reservation", "pk": 68, "fields": {"flight": 1, "airline": 1, "client": 3, "type": "b", "seat": "", "price": "113.29", "paid": true, "checkin": false, "created": "2017-05-18T07:42:13.646Z", "forename": "Sonia", "surname": "Batllori"}}, {"model": "flylo.reservation", "pk": 69, "fields": {"flight": 4, "airline": 1, "client": null, "type": "e", "seat": null, "price": "61.70", "paid": false, "checkin": false, "created": "2017-05-18T16:34:08.786Z", "forename": null, "surname": null}}, {"model": "flylo.reservation", "pk": 70, "fields": {"flight": 7, "airline": 1, "client": 1, "type": "f", "seat": "F01", "price": "1050.89", "paid": true, "checkin": true, "created": "2017-05-21T10:31:38.539Z", "forename": "a", "surname": "a"}}, {"model": "flylo.reservation", "pk": 71, "fields": {"flight": 7, "airline": 1, "client": 1, "type": "f", "seat": "F02", "price": "1050.89", "paid": true, "checkin": true, "created": "2017-05-21T10:31:38.686Z", "forename": "xv", "surname": "dbfgf"}}, {"model": "flylo.reservation", "pk": 72, "fields": {"flight": 7, "airline": 1, "client": 1, "type": "f", "seat": "F04", "price": "1050.89", "paid": true, "checkin": true, "created": "2017-05-21T10:31:38.809Z", "forename": "ok", "surname": "ok"}}, {"model": "flylo.reservation", "pk": 73, "fields": {"flight": 7, "airline": 1, "client": 1, "type": "f", "seat": "F05", "price": "1050.89", "paid": true, "checkin": true, "created": "2017-05-21T10:31:38.921Z", "forename": "ok", "surname": "ok"}}, {"model": "flylo.reservation", "pk": 74, "fields": {"flight": 7, "airline": 1, "client": 1, "type": "f", "seat": null, "price": "1050.89", "paid": true, "checkin": false, "created": "2017-05-21T10:31:39.033Z", "forename": null, "surname": null}}, {"model": "flylo.reservation", "pk": 75, "fields": {"flight": 7, "airline": 1, "client": 1, "type": "e", "seat": null, "price": "422.91", "paid": true, "checkin": false, "created": "2017-05-21T10:31:55.257Z", "forename": null, "surname": null}}, {"model": "flylo.reservation", "pk": 76, "fields": {"flight": 7, "airline": 1, "client": 1, "type": "e", "seat": null, "price": "422.91", "paid": true, "checkin": false, "created": "2017-05-21T10:31:55.419Z", "forename": null, "surname": null}}, {"model": "flylo.reservation", "pk": 77, "fields": {"flight": 7, "airline": 1, "client": 1, "type": "e", "seat": null, "price": "422.91", "paid": true, "checkin": false, "created": "2017-05-21T10:31:55.542Z", "forename": null, "surname": null}}, {"model": "flylo.reservation", "pk": 78, "fields": {"flight": 7, "airline": 1, "client": 1, "type": "e", "seat": null, "price": "422.91", "paid": true, "checkin": false, "created": "2017-05-21T10:31:55.665Z", "forename": null, "surname": null}}, {"model": "flylo.reservation", "pk": 79, "fields": {"flight": 7, "airline": 1, "client": 1, "type": "e", "seat": null, "price": "422.91", "paid": true, "checkin": false, "created": "2017-05-21T10:31:55.777Z", "forename": null, "surname": null}}, {"model": "flylo.reservation", "pk": 80, "fields": {"flight": 7, "airline": 1, "client": 1, "type": "f", "seat": null, "price": "1050.89", "paid": true, "checkin": false, "created": "2017-05-21T10:32:14.860Z", "forename": null, "surname": null}}, {"model": "flylo.reservation", "pk": 81, "fields": {"flight": 7, "airline": 1, "client": null, "type": "f", "seat": null, "price": "1050.89", "paid": false, "checkin": false, "created": "2017-05-21T10:32:15.019Z", "forename": null, "surname": null}}, {"model": "flylo.reservation", "pk": 82, "fields": {"flight": 7, "airline": 1, "client": 1, "type": "f", "seat": null, "price": "1050.89", "paid": true, "checkin": false, "created": "2017-05-21T10:32:15.142Z", "forename": null, "surname": null}}, {"model": "flylo.reservation", "pk": 83, "fields": {"flight": 7, "airline": 1, "client": 1, "type": "f", "seat": null, "price": "1050.89", "paid": true, "checkin": false, "created": "2017-05-21T10:32:15.265Z", "forename": null, "surname": null}}, {"model": "flylo.reservation", "pk": 84, "fields": {"flight": 7, "airline": 1, "client": 1, "type": "f", "seat": "F03", "price": "1050.89", "paid": true, "checkin": true, "created": "2017-05-21T10:32:15.387Z", "forename": "dfgds", "surname": "fgdfg"}}, {"model": "flylo.reservation", "pk": 85, "fields": {"flight": 1, "airline": 1, "client": 1, "type": "e", "seat": "E03", "price": "81.63", "paid": true, "checkin": true, "created": "2017-05-21T11:17:33.047Z", "forename": "Vull", "surname": "Error"}}, {"model": "flylo.reservation", "pk": 88, "fields": {"flight": 7, "airline": 1, "client": 1, "type": "f", "seat": null, "price": "1272.89", "paid": true, "checkin": false, "created": "2017-05-21T15:24:24.875Z", "forename": null, "surname": null}}, {"model": "flylo.reservation", "pk": 89, "fields": {"flight": 6, "airline": 1, "client": 1, "type": "f", "seat": "F01", "price": "1082.53", "paid": true, "checkin": true, "created": "2017-05-21T15:39:44.547Z", "forename": "X", "surname": "X"}}, {"model": "flylo.reservation", "pk": 90, "fields": {"flight": 6, "airline": 1, "client": 1, "type": "f", "seat": "F02", "price": "1082.53", "paid": true, "checkin": true, "created": "2017-05-21T15:39:44.733Z", "forename": "X", "surname": "X"}}, {"model": "flylo.reservation", "pk": 91, "fields": {"flight": 6, "airline": 1, "client": 1, "type": "f", "seat": "F03", "price": "1082.53", "paid": true, "checkin": true, "created": "2017-05-21T15:39:44.867Z", "forename": "X", "surname": "X"}}, {"model": "flylo.reservation", "pk": 92, "fields": {"flight": 6, "airline": 1, "client": 1, "type": "f", "seat": "F04", "price": "1082.53", "paid": true, "checkin": true, "created": "2017-05-21T15:39:45.001Z", "forename": "X", "surname": "X"}}, {"model": "flylo.reservation", "pk": 93, "fields": {"flight": 6, "airline": 1, "client": 1, "type": "f", "seat": "F05", "price": "1082.53", "paid": true, "checkin": true, "created": "2017-05-21T15:39:45.135Z", "forename": "X", "surname": "X"}}, {"model": "flylo.reservation", "pk": 94, "fields": {"flight": 6, "airline": 1, "client": 1, "type": "f", "seat": "F06", "price": "1082.53", "paid": true, "checkin": true, "created": "2017-05-21T15:39:56.295Z", "forename": "X", "surname": "X"}}, {"model": "flylo.reservation", "pk": 95, "fields": {"flight": 6, "airline": 1, "client": 1, "type": "f", "seat": null, "price": "1082.53", "paid": true, "checkin": false, "created": "2017-05-21T15:39:56.430Z", "forename": null, "surname": null}}, {"model": "flylo.reservation", "pk": 96, "fields": {"flight": 6, "airline": 1, "client": 1, "type": "f", "seat": null, "price": "1082.53", "paid": true, "checkin": false, "created": "2017-05-21T15:39:56.588Z", "forename": null, "surname": null}}, {"model": "flylo.reservation", "pk": 97, "fields": {"flight": 6, "airline": 1, "client": 1, "type": "f", "seat": null, "price": "1082.53", "paid": true, "checkin": false, "created": "2017-05-21T15:39:56.700Z", "forename": null, "surname": null}}, {"model": "flylo.reservation", "pk": 98, "fields": {"flight": 6, "airline": 1, "client": 1, "type": "f", "seat": null, "price": "1082.53", "paid": true, "checkin": false, "created": "2017-05-21T15:39:56.812Z", "forename": null, "surname": null}}, {"model": "flylo.reservation", "pk": 99, "fields": {"flight": 6, "airline": 1, "client": 1, "type": "f", "seat": null, "price": "1082.53", "paid": true, "checkin": false, "created": "2017-05-21T15:40:06.792Z", "forename": null, "surname": null}}, {"model": "auth.permission", "pk": 1, "fields": {"name": "Can add flight", "content_type": 1, "codename": "add_flight"}}, {"model": "auth.permission", "pk": 2, "fields": {"name": "Can change flight", "content_type": 1, "codename": "change_flight"}}, {"model": "auth.permission", "pk": 3, "fields": {"name": "Can delete flight", "content_type": 1, "codename": "delete_flight"}}, {"model": "auth.permission", "pk": 4, "fields": {"name": "Can add client", "content_type": 2, "codename": "add_client"}}, {"model": "auth.permission", "pk": 5, "fields": {"name": "Can change client", "content_type": 2, "codename": "change_client"}}, {"model": "auth.permission", "pk": 6, "fields": {"name": "Can delete client", "content_type": 2, "codename": "delete_client"}}, {"model": "auth.permission", "pk": 7, "fields": {"name": "Can add reservation", "content_type": 3, "codename": "add_reservation"}}, {"model": "auth.permission", "pk": 8, "fields": {"name": "Can change reservation", "content_type": 3, "codename": "change_reservation"}}, {"model": "auth.permission", "pk": 9, "fields": {"name": "Can delete reservation", "content_type": 3, "codename": "delete_reservation"}}, {"model": "auth.permission", "pk": 10, "fields": {"name": "Can add airplane", "content_type": 4, "codename": "add_airplane"}}, {"model": "auth.permission", "pk": 11, "fields": {"name": "Can change airplane", "content_type": 4, "codename": "change_airplane"}}, {"model": "auth.permission", "pk": 12, "fields": {"name": "Can delete airplane", "content_type": 4, "codename": "delete_airplane"}}, {"model": "auth.permission", "pk": 13, "fields": {"name": "Can add airline", "content_type": 5, "codename": "add_airline"}}, {"model": "auth.permission", "pk": 14, "fields": {"name": "Can change airline", "content_type": 5, "codename": "change_airline"}}, {"model": "auth.permission", "pk": 15, "fields": {"name": "Can delete airline", "content_type": 5, "codename": "delete_airline"}}, {"model": "auth.permission", "pk": 16, "fields": {"name": "Can add log entry", "content_type": 6, "codename": "add_logentry"}}, {"model": "auth.permission", "pk": 17, "fields": {"name": "Can change log entry", "content_type": 6, "codename": "change_logentry"}}, {"model": "auth.permission", "pk": 18, "fields": {"name": "Can delete log entry", "content_type": 6, "codename": "delete_logentry"}}, {"model": "auth.permission", "pk": 19, "fields": {"name": "Can add group", "content_type": 7, "codename": "add_group"}}, {"model": "auth.permission", "pk": 20, "fields": {"name": "Can change group", "content_type": 7, "codename": "change_group"}}, {"model": "auth.permission", "pk": 21, "fields": {"name": "Can delete group", "content_type": 7, "codename": "delete_group"}}, {"model": "auth.permission", "pk": 22, "fields": {"name": "Can add permission", "content_type": 8, "codename": "add_permission"}}, {"model": "auth.permission", "pk": 23, "fields": {"name": "Can change permission", "content_type": 8, "codename": "change_permission"}}, {"model": "auth.permission", "pk": 24, "fields": {"name": "Can delete permission", "content_type": 8, "codename": "delete_permission"}}, {"model": "auth.permission", "pk": 25, "fields": {"name": "Can add user", "content_type": 9, "codename": "add_user"}}, {"model": "auth.permission", "pk": 26, "fields": {"name": "Can change user", "content_type": 9, "codename": "change_user"}}, {"model": "auth.permission", "pk": 27, "fields": {"name": "Can delete user", "content_type": 9, "codename": "delete_user"}}, {"model": "auth.permission", "pk": 28, "fields": {"name": "Can add content type", "content_type": 10, "codename": "add_contenttype"}}, {"model": "auth.permission", "pk": 29, "fields": {"name": "Can change content type", "content_type": 10, "codename": "change_contenttype"}}, {"model": "auth.permission", "pk": 30, "fields": {"name": "Can delete content type", "content_type": 10, "codename": "delete_contenttype"}}, {"model": "auth.permission", "pk": 31, "fields": {"name": "Can add session", "content_type": 11, "codename": "add_session"}}, {"model": "auth.permission", "pk": 32, "fields": {"name": "Can change session", "content_type": 11, "codename": "change_session"}}, {"model": "auth.permission", "pk": 33, "fields": {"name": "Can delete session", "content_type": 11, "codename": "delete_session"}}, {"model": "auth.permission", "pk": 34, "fields": {"name": "Can add flight owner", "content_type": 12, "codename": "add_flightowner"}}, {"model": "auth.permission", "pk": 35, "fields": {"name": "Can change flight owner", "content_type": 12, "codename": "change_flightowner"}}, {"model": "auth.permission", "pk": 36, "fields": {"name": "Can delete flight owner", "content_type": 12, "codename": "delete_flightowner"}}, {"model": "auth.group", "pk": 1, "fields": {"name": "Commercial", "permissions": [13, 14, 15, 1, 2, 3]}}, {"model": "auth.user", "pk": 1, "fields": {"password": "pbkdf2_sha256$36000$3TbZ8LOEJyMg$XjnIaf9NBHke81kXEhtNjHu+q6CQR+fhGiHlf2aw05o=", "last_login": "2017-05-24T00:15:13.233Z", "is_superuser": true, "username": "admin", "first_name": "Admin", "last_name": "Flylo", "email": "admin@flylo.com", "is_staff": true, "is_active": true, "date_joined": "2017-05-11T10:16:39Z", "groups": [], "user_permissions": []}}, {"model": "auth.user", "pk": 2, "fields": {"password": "pbkdf2_sha256$36000$nteDuBgUrWCk$M3zqmkrM/94jtkb6VO6oqyldclS2bi+3hNCuEi9iqDI=", "last_login": "2017-05-24T00:24:04.791Z", "is_superuser": false, "username": "juanjo", "first_name": "Juanjo", "last_name": "Mellado", "email": "juanjo@gmail.com", "is_staff": true, "is_active": true, "date_joined": "2017-05-11T10:19:09Z", "groups": [1], "user_permissions": []}}, {"model": "auth.user", "pk": 3, "fields": {"password": "pbkdf2_sha256$30000$lrOi3gzfwk4n$lgk9xPqTL/hZW2emyLzqu3miXc1/87QPjkR5YtdYd7s=", "last_login": "2017-05-21T10:19:05.106Z", "is_superuser": false, "username": "sonia", "first_name": "Sonia", "last_name": "Batllori", "email": "sonia.batllori@ub.edu", "is_staff": false, "is_active": true, "date_joined": "2017-05-11T10:20:00Z", "groups": [], "user_permissions": []}}, {"model": "sessions.session", "pk": "3qgyc651dve1cxgaiir4ol3cqnm4xcm2", "fields": {"session_data": "ZWFkMDMyY2I0ZTgxZjkwYzU1Y2Q1NTMwNzBlODk5NWQ2YmY0MjkxYjp7InJlc2VydmF0aW9ucyI6WzY5XSwiX2F1dGhfdXNlcl9oYXNoIjoiNzdjNjFlMTQxM2Q3NzQ2Yjk3MTUzZjhkMzU1MjhiNmNlYzZmOTUwMCIsIl9hdXRoX3VzZXJfaWQiOiIxIiwiX2F1dGhfdXNlcl9iYWNrZW5kIjoiZGphbmdvLmNvbnRyaWIuYXV0aC5iYWNrZW5kcy5Nb2RlbEJhY2tlbmQifQ==", "expire_date": "2017-06-01T16:34:08.903Z"}}, {"model": "sessions.session", "pk": "4jn6559raqowj6q47ufub8tan2749l9r", "fields": {"session_data": "ODBlNjg0OTY5NTkwYjQzYjQ0OTZiOWRlODRjYmYzNjJhNTc1MmY0ZDp7InJlc2VydmF0aW9ucyI6WzI2LDI3XSwiX2F1dGhfdXNlcl9oYXNoIjoiZDE5NDMxMThlY2NjN2ZkNTkyNDkyNjg2ZmMyODczMWQ2MTRmZDk4NCIsIl9hdXRoX3VzZXJfYmFja2VuZCI6ImRqYW5nby5jb250cmliLmF1dGguYmFja2VuZHMuTW9kZWxCYWNrZW5kIiwiX2F1dGhfdXNlcl9pZCI6IjEifQ==", "expire_date": "2017-05-25T13:08:09.525Z"}}, {"model": "sessions.session", "pk": "jrjg8r56gesigpahyxav4m8ycjlhhjcu", "fields": {"session_data": "MmFjYmM5N2Q2MTdjNmRhNDdjYTljNzhmYWZkMzEwMzRiM2EwMGUxMzp7Il9hdXRoX3VzZXJfaGFzaCI6IjQ2ODI4ZmVjYmNiZWI3MjE1YWEzZTVhMmI0OTAxMTk4NmQ0MGNhMzQiLCJfYXV0aF91c2VyX2JhY2tlbmQiOiJkamFuZ28uY29udHJpYi5hdXRoLmJhY2tlbmRzLk1vZGVsQmFja2VuZCIsIl9hdXRoX3VzZXJfaWQiOiIzIn0=", "expire_date": "2017-05-26T12:36:50.307Z"}}, {"model": "sessions.session", "pk": "mm0ujibddbf89zmt4uggsepc7jkmrsif", "fields": {"session_data": "ZWEzYmUzYTgzNGJiMzIzODI3Y2Y3ZTVhNzJlZDUxNjljYTY5MjBhZTp7Il9hdXRoX3VzZXJfaGFzaCI6IjBhN2EzYzhmMjI1MTBhM2VmMjNkZTQzYzE2OWQ3Yzg2NmU2NDUwNmMiLCJfYXV0aF91c2VyX2lkIjoiMiIsIl9hdXRoX3VzZXJfYmFja2VuZCI6ImRqYW5nby5jb250cmliLmF1dGguYmFja2VuZHMuTW9kZWxCYWNrZW5kIn0=", "expire_date": "2017-06-07T00:24:04.812Z"}}, {"model": "sessions.session", "pk": "nenathlss08ppxozv2h49nwv2dp8x926", "fields": {"session_data": "ODdmZWNjOTVhN2EyYzRlYmI5NDY3MjhiMDE4YzU3MDUyZWQ4YzdhNTp7InJlc2VydmF0aW9ucyI6W10sIl9hdXRoX3VzZXJfaGFzaCI6IjA0YjVmMzczOTk4NjU3ZjRkYjI0Y2Q0OTJhMDlmOTBkOTdkNDViZDYiLCJfYXV0aF91c2VyX2JhY2tlbmQiOiJkamFuZ28uY29udHJpYi5hdXRoLmJhY2tlbmRzLk1vZGVsQmFja2VuZCIsIl9hdXRoX3VzZXJfaWQiOiIxIn0=", "expire_date": "2017-06-04T15:56:58.801Z"}}, {"model": "sessions.session", "pk": "s1qxzu2xir5ynjo92zof30bdcboly8ej", "fields": {"session_data": "OTZiMDY4MDllYTQyMTMyODgxOTUzZmNkMmZhOGYzZWU5YjA5ZmE0MTp7Il9hdXRoX3VzZXJfaGFzaCI6ImJhZGM2ZjMyOWY2OTFiOTc2OTNkZDRlMzQzMjc2NTlkY2MzMTc4Y2IiLCJfYXV0aF91c2VyX2lkIjoiMSIsIl9hdXRoX3VzZXJfYmFja2VuZCI6ImRqYW5nby5jb250cmliLmF1dGguYmFja2VuZHMuTW9kZWxCYWNrZW5kIn0=", "expire_date": "2017-05-25T22:21:11.771Z"}}, {"model": "sessions.session", "pk": "tejnlasdghox8krvg76b9561c2ne7gw8", "fields": {"session_data": "NjNlMWQ1ZjNlMWFiNGRiMDg5MWZmMjNjZGU5ZDk5ZjM1YzhiODdlNTp7Il9hdXRoX3VzZXJfaGFzaCI6IjBhN2EzYzhmMjI1MTBhM2VmMjNkZTQzYzE2OWQ3Yzg2NmU2NDUwNmMiLCJfYXV0aF91c2VyX2JhY2tlbmQiOiJkamFuZ28uY29udHJpYi5hdXRoLmJhY2tlbmRzLk1vZGVsQmFja2VuZCIsIl9hdXRoX3VzZXJfaWQiOiIyIn0=", "expire_date": "2017-06-07T00:17:56.255Z"}}, {"model": "sessions.session", "pk": "vaz2guk7wwxgyevurvlr1e6lemw1x6ed", "fields": {"session_data": "YmMzNjQ3ODBlMDVkYTU1M2VhMzkzYmQ4MTNkMjI3YWJlMGM2OTliNzp7fQ==", "expire_date": "2017-05-26T09:10:42.954Z"}}, {"model": "sessions.session", "pk": "zpnnxu1d0nut6esgfdsk1a0uf2xd8647", "fields": {"session_data": "YmMzNjQ3ODBlMDVkYTU1M2VhMzkzYmQ4MTNkMjI3YWJlMGM2OTliNzp7fQ==", "expire_date": "2017-05-26T09:09:48.872Z"}}, {"model": "admin.logentry", "pk": 1, "fields": {"action_time": "2017-05-11T10:18:45.673Z", "user": 1, "content_type": 7, "object_id": "1", "object_repr": "Commercial", "action_flag": 1, "change_message": "[{\"added\": {}}]"}}, {"model": "admin.logentry", "pk": 2, "fields": {"action_time": "2017-05-11T10:19:09.279Z", "user": 1, "content_type": 9, "object_id": "2", "object_repr": "Juanjo", "action_flag": 1, "change_message": "[{\"added\": {}}]"}}, {"model": "admin.logentry", "pk": 3, "fields": {"action_time": "2017-05-11T10:19:38.757Z", "user": 1, "content_type": 9, "object_id": "2", "object_repr": "Juanjo", "action_flag": 2, "change_message": "[{\"changed\": {\"fields\": [\"first_name\", \"last_name\", \"email\", \"is_staff\"]}}]"}}, {"model": "admin.logentry", "pk": 4, "fields": {"action_time": "2017-05-11T10:20:00.524Z", "user": 1, "content_type": 9, "object_id": "3", "object_repr": "Sonia", "action_flag": 1, "change_message": "[{\"added\": {}}]"}}, {"model": "admin.logentry", "pk": 5, "fields": {"action_time": "2017-05-11T10:20:26.727Z", "user": 1, "content_type": 9, "object_id": "3", "object_repr": "Sonia", "action_flag": 2, "change_message": "[{\"changed\": {\"fields\": [\"first_name\", \"last_name\", \"email\"]}}]"}}, {"model": "admin.logentry", "pk": 6, "fields": {"action_time": "2017-05-11T12:26:29.259Z", "user": 1, "content_type": 3, "object_id": "13", "object_repr": "RYA9655: IBE, 49.95", "action_flag": 3, "change_message": ""}}, {"model": "admin.logentry", "pk": 7, "fields": {"action_time": "2017-05-11T12:26:29.270Z", "user": 1, "content_type": 3, "object_id": "12", "object_repr": "SWR6240: RYA, 49.95", "action_flag": 3, "change_message": ""}}, {"model": "admin.logentry", "pk": 8, "fields": {"action_time": "2017-05-11T12:26:29.286Z", "user": 1, "content_type": 3, "object_id": "11", "object_repr": "VLG6199: RYA, 49.95", "action_flag": 3, "change_message": ""}}, {"model": "admin.logentry", "pk": 9, "fields": {"action_time": "2017-05-11T12:26:29.297Z", "user": 1, "content_type": 3, "object_id": "10", "object_repr": "VLG7637: IBE, 49.95", "action_flag": 3, "change_message": ""}}, {"model": "admin.logentry", "pk": 10, "fields": {"action_time": "2017-05-11T12:26:29.307Z", "user": 1, "content_type": 3, "object_id": "9", "object_repr": "VLG7637: IBE, 49.95", "action_flag": 3, "change_message": ""}}, {"model": "admin.logentry", "pk": 11, "fields": {"action_time": "2017-05-11T12:26:29.317Z", "user": 1, "content_type": 3, "object_id": "8", "object_repr": "VLG7637: IBE, 49.95", "action_flag": 3, "change_message": ""}}, {"model": "admin.logentry", "pk": 12, "fields": {"action_time": "2017-05-11T12:26:29.327Z", "user": 1, "content_type": 3, "object_id": "7", "object_repr": "VLG7637: IBE, 49.95", "action_flag": 3, "change_message": ""}}, {"model": "admin.logentry", "pk": 13, "fields": {"action_time": "2017-05-11T12:26:29.337Z", "user": 1, "content_type": 3, "object_id": "6", "object_repr": "VLG7637: IBE, 49.95", "action_flag": 3, "change_message": ""}}, {"model": "admin.logentry", "pk": 14, "fields": {"action_time": "2017-05-11T12:26:29.348Z", "user": 1, "content_type": 3, "object_id": "5", "object_repr": "VLG6199: RYA, 49.95", "action_flag": 3, "change_message": ""}}, {"model": "admin.logentry", "pk": 15, "fields": {"action_time": "2017-05-11T12:26:29.361Z", "user": 1, "content_type": 3, "object_id": "4", "object_repr": "VLG6199: RYA, 49.95", "action_flag": 3, "change_message": ""}}, {"model": "admin.logentry", "pk": 16, "fields": {"action_time": "2017-05-11T12:26:29.372Z", "user": 1, "content_type": 3, "object_id": "3", "object_repr": "VLG6199: RYA, 49.95", "action_flag": 3, "change_message": ""}}, {"model": "admin.logentry", "pk": 17, "fields": {"action_time": "2017-05-11T12:26:29.382Z", "user": 1, "content_type": 3, "object_id": "2", "object_repr": "SWR6240: VLG, 49.95", "action_flag": 3, "change_message": ""}}, {"model": "admin.logentry", "pk": 18, "fields": {"action_time": "2017-05-11T12:26:29.392Z", "user": 1, "content_type": 3, "object_id": "1", "object_repr": "SWR6240: RYA, 49.99", "action_flag": 3, "change_message": ""}}, {"model": "admin.logentry", "pk": 19, "fields": {"action_time": "2017-05-11T12:58:03.624Z", "user": 1, "content_type": 3, "object_id": "22", "object_repr": "SWR6240: RYA, 49.95", "action_flag": 3, "change_message": ""}}, {"model": "admin.logentry", "pk": 20, "fields": {"action_time": "2017-05-11T12:58:03.636Z", "user": 1, "content_type": 3, "object_id": "21", "object_repr": "IBE4955: SWR, 49.95", "action_flag": 3, "change_message": ""}}, {"model": "admin.logentry", "pk": 21, "fields": {"action_time": "2017-05-11T12:58:03.645Z", "user": 1, "content_type": 3, "object_id": "20", "object_repr": "VLG6199: RYA, 49.95", "action_flag": 3, "change_message": ""}}, {"model": "admin.logentry", "pk": 22, "fields": {"action_time": "2017-05-11T12:58:03.657Z", "user": 1, "content_type": 3, "object_id": "19", "object_repr": "SWR6240: RYA, 49.95", "action_flag": 3, "change_message": ""}}, {"model": "admin.logentry", "pk": 23, "fields": {"action_time": "2017-05-11T12:58:03.681Z", "user": 1, "content_type": 3, "object_id": "18", "object_repr": "IBE4955: VLG, 49.95", "action_flag": 3, "change_message": ""}}, {"model": "admin.logentry", "pk": 24, "fields": {"action_time": "2017-05-11T12:58:03.691Z", "user": 1, "content_type": 3, "object_id": "17", "object_repr": "VLG6199: RYA, 49.95", "action_flag": 3, "change_message": ""}}, {"model": "admin.logentry", "pk": 25, "fields": {"action_time": "2017-05-11T12:58:03.701Z", "user": 1, "content_type": 3, "object_id": "16", "object_repr": "SWR6240: IBE, 49.95", "action_flag": 3, "change_message": ""}}, {"model": "admin.logentry", "pk": 26, "fields": {"action_time": "2017-05-11T12:58:03.711Z", "user": 1, "content_type": 3, "object_id": "15", "object_repr": "VLG6199: RYA, 49.95", "action_flag": 3, "change_message": ""}}, {"model": "admin.logentry", "pk": 27, "fields": {"action_time": "2017-05-11T12:58:03.722Z", "user": 1, "content_type": 3, "object_id": "14", "object_repr": "VLG6199: RYA, 49.95", "action_flag": 3, "change_message": ""}}, {"model": "admin.logentry", "pk": 28, "fields": {"action_time": "2017-05-11T20:29:08.745Z", "user": 1, "content_type": 1, "object_id": "12", "object_repr": "[SWR6240] ZRH-SXF : 2017-04-28 18:31:40+00:00 / 2017-04-28 22:31:40+00:00 [CANCELLED]", "action_flag": 3, "change_message": ""}}, {"model": "admin.logentry", "pk": 29, "fields": {"action_time": "2017-05-11T20:29:08.755Z", "user": 1, "content_type": 1, "object_id": "7", "object_repr": "[VLG6199] ZRH-SXF : 2017-04-28 18:36:23+00:00 / 2017-04-28 22:36:23+00:00 [LANDED]", "action_flag": 3, "change_message": ""}}, {"model": "admin.logentry", "pk": 30, "fields": {"action_time": "2017-05-11T20:29:08.766Z", "user": 1, "content_type": 1, "object_id": "5", "object_repr": "[IBE4955] SXF-BCN : 2017-04-28 19:02:21+00:00 / 2017-04-29 00:02:21+00:00 [BOARDING]", "action_flag": 3, "change_message": ""}}, {"model": "admin.logentry", "pk": 31, "fields": {"action_time": "2017-05-11T20:29:08.777Z", "user": 1, "content_type": 1, "object_id": "9", "object_repr": "[RYA1482] SXF-BCN : 2017-04-28 20:06:18+00:00 / 2017-04-28 23:06:18+00:00 [LANDED]", "action_flag": 3, "change_message": ""}}, {"model": "admin.logentry", "pk": 32, "fields": {"action_time": "2017-05-11T20:29:08.788Z", "user": 1, "content_type": 1, "object_id": "8", "object_repr": "[RYA5031] ZRH-BCN : 2017-04-28 20:37:54+00:00 / 2017-04-29 01:37:54+00:00 [LANDED]", "action_flag": 3, "change_message": ""}}, {"model": "admin.logentry", "pk": 33, "fields": {"action_time": "2017-05-11T20:29:08.800Z", "user": 1, "content_type": 1, "object_id": "10", "object_repr": "[SWR2315] SXF-BCN : 2017-04-28 20:57:46+00:00 / 2017-04-28 23:57:46+00:00 [BOARDING]", "action_flag": 3, "change_message": ""}}, {"model": "admin.logentry", "pk": 34, "fields": {"action_time": "2017-05-11T20:29:08.810Z", "user": 1, "content_type": 1, "object_id": "11", "object_repr": "[IBE6944] BCN-SXF : 2017-04-28 21:04:15+00:00 / 2017-04-29 00:04:15+00:00 [CANCELLED]", "action_flag": 3, "change_message": ""}}, {"model": "admin.logentry", "pk": 35, "fields": {"action_time": "2017-05-11T20:29:08.827Z", "user": 1, "content_type": 1, "object_id": "6", "object_repr": "[VLG9324] BCN-ZRH : 2017-04-28 21:13:16+00:00 / 2017-04-29 01:13:16+00:00 [BOARDING]", "action_flag": 3, "change_message": ""}}, {"model": "admin.logentry", "pk": 36, "fields": {"action_time": "2017-05-11T20:29:08.844Z", "user": 1, "content_type": 1, "object_id": "3", "object_repr": "[SWR4510] SXF-BCN : 2017-04-28 21:15:47+00:00 / 2017-04-29 01:15:47+00:00 [BOARDING]", "action_flag": 3, "change_message": ""}}, {"model": "admin.logentry", "pk": 37, "fields": {"action_time": "2017-05-11T20:29:08.857Z", "user": 1, "content_type": 1, "object_id": "4", "object_repr": "[VLG7637] BCN-ZRH : 2017-04-28 21:47:27+00:00 / 2017-04-29 00:47:27+00:00 [CANCELLED]", "action_flag": 3, "change_message": ""}}, {"model": "admin.logentry", "pk": 38, "fields": {"action_time": "2017-05-11T20:29:08.874Z", "user": 1, "content_type": 1, "object_id": "2", "object_repr": "[RYA9655] SXF-BCN : 2017-04-28 21:51:34+00:00 / 2017-04-29 01:51:34+00:00 [BOARDING]", "action_flag": 3, "change_message": ""}}, {"model": "admin.logentry", "pk": 39, "fields": {"action_time": "2017-05-11T20:29:08.883Z", "user": 1, "content_type": 1, "object_id": "1", "object_repr": "[IBE5688] SXF-BCN : 2017-04-28 22:00:37+00:00 / 2017-04-29 01:00:37+00:00 [BOARDING]", "action_flag": 3, "change_message": ""}}, {"model": "admin.logentry", "pk": 40, "fields": {"action_time": "2017-05-11T23:44:01.310Z", "user": 1, "content_type": 3, "object_id": "1", "object_repr": "IBE7694: IBE, 50.50", "action_flag": 1, "change_message": "[{\"added\": {}}]"}}, {"model": "admin.logentry", "pk": 41, "fields": {"action_time": "2017-05-12T07:56:51.909Z", "user": 1, "content_type": 1, "object_id": "13", "object_repr": "[VLG1053] BCN-MAD : 2017-03-28 19:40:00+00:00 / 2017-03-28 20:45:00+00:00 [ON TIME]", "action_flag": 3, "change_message": ""}}, {"model": "admin.logentry", "pk": 42, "fields": {"action_time": "2017-05-12T07:56:52.032Z", "user": 1, "content_type": 1, "object_id": "14", "object_repr": "[DAL477] BCN-JFK : 2017-03-29 10:10:00+00:00 / 2017-03-29 18:08:00+00:00 [DELAYED]", "action_flag": 3, "change_message": ""}}, {"model": "admin.logentry", "pk": 43, "fields": {"action_time": "2017-05-12T07:56:52.143Z", "user": 1, "content_type": 1, "object_id": "10", "object_repr": "[RYA5066] BCN-SXF : 2017-05-29 22:29:10+00:00 / 2017-05-30 04:29:10+00:00 [DELAYED]", "action_flag": 3, "change_message": ""}}, {"model": "admin.logentry", "pk": 44, "fields": {"action_time": "2017-05-12T07:56:52.255Z", "user": 1, "content_type": 1, "object_id": "9", "object_repr": "[RYA4319] BCN-SXF : 2017-06-02 15:52:21+00:00 / 2017-06-02 19:52:21+00:00 [BOARDING]", "action_flag": 3, "change_message": ""}}, {"model": "admin.logentry", "pk": 45, "fields": {"action_time": "2017-05-12T07:56:52.380Z", "user": 1, "content_type": 1, "object_id": "5", "object_repr": "[IBE5090] SXF-BCN : 2017-06-10 17:27:35+00:00 / 2017-06-10 22:27:35+00:00 [DELAYED]", "action_flag": 3, "change_message": ""}}, {"model": "admin.logentry", "pk": 46, "fields": {"action_time": "2017-05-12T07:56:52.503Z", "user": 1, "content_type": 1, "object_id": "8", "object_repr": "[VLG8631] BCN-SXF : 2017-06-15 02:59:57+00:00 / 2017-06-15 08:59:57+00:00 [CANCELLED]", "action_flag": 3, "change_message": ""}}, {"model": "admin.logentry", "pk": 47, "fields": {"action_time": "2017-05-12T07:56:52.637Z", "user": 1, "content_type": 1, "object_id": "12", "object_repr": "[IBE7200] BCN-SXF : 2017-06-22 04:05:59+00:00 / 2017-06-22 10:05:59+00:00 [ON TIME]", "action_flag": 3, "change_message": ""}}, {"model": "admin.logentry", "pk": 48, "fields": {"action_time": "2017-05-12T07:56:52.771Z", "user": 1, "content_type": 1, "object_id": "7", "object_repr": "[SWR7858] ZRH-BCN : 2017-06-23 21:13:17+00:00 / 2017-06-24 01:13:17+00:00 [CANCELLED]", "action_flag": 3, "change_message": ""}}, {"model": "admin.logentry", "pk": 49, "fields": {"action_time": "2017-05-12T07:56:52.905Z", "user": 1, "content_type": 1, "object_id": "3", "object_repr": "[VLG6509] SXF-BCN : 2017-06-23 21:36:40+00:00 / 2017-06-24 02:36:40+00:00 [CANCELLED]", "action_flag": 3, "change_message": ""}}, {"model": "admin.logentry", "pk": 50, "fields": {"action_time": "2017-05-12T07:56:53.039Z", "user": 1, "content_type": 1, "object_id": "11", "object_repr": "[IBE5713] SXF-ZRH : 2017-06-26 17:28:29+00:00 / 2017-06-26 20:28:29+00:00 [ON TIME]", "action_flag": 3, "change_message": ""}}, {"model": "admin.logentry", "pk": 51, "fields": {"action_time": "2017-05-12T07:56:53.173Z", "user": 1, "content_type": 1, "object_id": "2", "object_repr": "[SWR4219] BCN-SXF : 2017-07-01 16:03:34+00:00 / 2017-07-01 20:03:34+00:00 [CANCELLED]", "action_flag": 3, "change_message": ""}}, {"model": "admin.logentry", "pk": 52, "fields": {"action_time": "2017-05-12T07:56:53.296Z", "user": 1, "content_type": 1, "object_id": "6", "object_repr": "[IBE3712] SXF-BCN : 2017-07-02 16:31:40+00:00 / 2017-07-02 21:31:40+00:00 [DELAYED]", "action_flag": 3, "change_message": ""}}, {"model": "admin.logentry", "pk": 53, "fields": {"action_time": "2017-05-12T07:56:53.408Z", "user": 1, "content_type": 1, "object_id": "1", "object_repr": "[IBE7694] SXF-BCN : 2017-07-04 03:59:18+00:00 / 2017-07-04 08:59:18+00:00 [CANCELLED]", "action_flag": 3, "change_message": ""}}, {"model": "admin.logentry", "pk": 54, "fields": {"action_time": "2017-05-12T07:56:53.520Z", "user": 1, "content_type": 1, "object_id": "4", "object_repr": "[IBE1714] ZRH-BCN : 2017-07-07 12:00:07+00:00 / 2017-07-07 16:00:07+00:00 [ON TIME]", "action_flag": 3, "change_message": ""}}, {"model": "admin.logentry", "pk": 55, "fields": {"action_time": "2017-05-12T08:03:42.285Z", "user": 1, "content_type": 5, "object_id": "4", "object_repr": "RYA", "action_flag": 3, "change_message": ""}}, {"model": "admin.logentry", "pk": 56, "fields": {"action_time": "2017-05-12T08:03:42.412Z", "user": 1, "content_type": 5, "object_id": "3", "object_repr": "SWR", "action_flag": 3, "change_message": ""}}, {"model": "admin.logentry", "pk": 57, "fields": {"action_time": "2017-05-12T08:03:42.524Z", "user": 1, "content_type": 5, "object_id": "2", "object_repr": "VLG", "action_flag": 3, "change_message": ""}}, {"model": "admin.logentry", "pk": 58, "fields": {"action_time": "2017-05-12T08:03:42.647Z", "user": 1, "content_type": 5, "object_id": "1", "object_repr": "IBE", "action_flag": 3, "change_message": ""}}, {"model": "admin.logentry", "pk": 59, "fields": {"action_time": "2017-05-12T08:03:54.765Z", "user": 1, "content_type": 4, "object_id": "3", "object_repr": "A135", "action_flag": 3, "change_message": ""}}, {"model": "admin.logentry", "pk": 60, "fields": {"action_time": "2017-05-12T08:03:54.944Z", "user": 1, "content_type": 4, "object_id": "2", "object_repr": "A518", "action_flag": 3, "change_message": ""}}, {"model": "admin.logentry", "pk": 61, "fields": {"action_time": "2017-05-12T08:03:55.078Z", "user": 1, "content_type": 4, "object_id": "1", "object_repr": "A125", "action_flag": 3, "change_message": ""}}, {"model": "admin.logentry", "pk": 62, "fields": {"action_time": "2017-05-12T08:06:47.604Z", "user": 1, "content_type": 1, "object_id": "1", "object_repr": "[VLG1053] BCN-MAD : 2017-03-28 19:40:00+00:00 / 2017-03-28 20:45:00+00:00 [FLYING]", "action_flag": 3, "change_message": ""}}, {"model": "admin.logentry", "pk": 63, "fields": {"action_time": "2017-05-12T08:06:47.720Z", "user": 1, "content_type": 1, "object_id": "2", "object_repr": "[DAL477] BCN-JFK : 2017-03-29 10:10:00+00:00 / 2017-03-29 18:08:00+00:00 [DELAYED]", "action_flag": 3, "change_message": ""}}, {"model": "admin.logentry", "pk": 64, "fields": {"action_time": "2017-05-12T08:06:47.843Z", "user": 1, "content_type": 1, "object_id": "3", "object_repr": "[VLG6509] MAD-BCN : 2017-09-23 05:00:00+00:00 / 2017-09-24 07:05:00+00:00 [OK]", "action_flag": 3, "change_message": ""}}, {"model": "admin.logentry", "pk": 65, "fields": {"action_time": "2017-05-12T08:06:47.966Z", "user": 1, "content_type": 1, "object_id": "4", "object_repr": "[IBE1714] MAD-BCN : 2017-09-07 12:00:00+00:00 / 2017-09-07 14:05:00+00:00 [OK]", "action_flag": 3, "change_message": ""}}, {"model": "admin.logentry", "pk": 66, "fields": {"action_time": "2017-05-12T08:06:48.100Z", "user": 1, "content_type": 1, "object_id": "5", "object_repr": "[DAL509] MAD-JFK : 2017-09-10 07:10:00+00:00 / 2017-09-10 15:08:00+00:00 [OK]", "action_flag": 3, "change_message": ""}}, {"model": "admin.logentry", "pk": 67, "fields": {"action_time": "2017-05-12T08:06:48.234Z", "user": 1, "content_type": 1, "object_id": "6", "object_repr": "[IBE3712] JFK-MAD : 2017-09-20 07:10:00+00:00 / 2017-09-20 15:08:00+00:00 [OK]", "action_flag": 3, "change_message": ""}}, {"model": "admin.logentry", "pk": 68, "fields": {"action_time": "2017-05-12T08:06:48.359Z", "user": 1, "content_type": 1, "object_id": "7", "object_repr": "[DAL858] JFK-BCN : 2017-06-23 10:10:00+00:00 / 2017-09-11 18:08:00+00:00 [OK]", "action_flag": 3, "change_message": ""}}, {"model": "admin.logentry", "pk": 69, "fields": {"action_time": "2017-05-12T08:06:48.494Z", "user": 1, "content_type": 1, "object_id": "8", "object_repr": "[VLG8631] MAD-BCN : 2017-10-15 14:45:00+00:00 / 2017-10-15 16:00:00+00:00 [OK]", "action_flag": 3, "change_message": ""}}, {"model": "admin.logentry", "pk": 70, "fields": {"action_time": "2017-05-12T08:06:48.628Z", "user": 1, "content_type": 1, "object_id": "9", "object_repr": "[RYA4319] BCN-MAD : 2017-11-02 15:20:00+00:00 / 2017-11-02 17:00:00+00:00 [OK]", "action_flag": 3, "change_message": ""}}, {"model": "admin.logentry", "pk": 71, "fields": {"action_time": "2017-05-12T08:06:48.740Z", "user": 1, "content_type": 1, "object_id": "10", "object_repr": "[DAL066] JFK-BCN : 2017-09-29 22:00:00+00:00 / 2017-09-30 06:08:00+00:00 [DELAYED]", "action_flag": 3, "change_message": ""}}, {"model": "admin.logentry", "pk": 72, "fields": {"action_time": "2017-05-12T08:06:48.852Z", "user": 1, "content_type": 1, "object_id": "11", "object_repr": "[IBE5713] BCN-MAD : 2017-09-25 17:20:00+00:00 / 2017-09-25 19:10:00+00:00 [OK]", "action_flag": 3, "change_message": ""}}, {"model": "admin.logentry", "pk": 73, "fields": {"action_time": "2017-05-12T08:06:48.964Z", "user": 1, "content_type": 1, "object_id": "12", "object_repr": "[DAL200] BCN-JFK : 2017-10-10 07:05:00+00:00 / 2017-10-10 15:08:00+00:00 [OK]", "action_flag": 3, "change_message": ""}}, {"model": "admin.logentry", "pk": 74, "fields": {"action_time": "2017-05-12T09:51:45.834Z", "user": 1, "content_type": 3, "object_id": "24", "object_repr": "IBE1714: IBE, 49.95", "action_flag": 3, "change_message": ""}}, {"model": "admin.logentry", "pk": 75, "fields": {"action_time": "2017-05-12T09:51:45.984Z", "user": 1, "content_type": 3, "object_id": "23", "object_repr": "VLG1053: RYA, 49.95", "action_flag": 3, "change_message": ""}}, {"model": "admin.logentry", "pk": 76, "fields": {"action_time": "2017-05-12T09:51:46.106Z", "user": 1, "content_type": 3, "object_id": "16", "object_repr": "VLG1053: RYA, 49.95", "action_flag": 3, "change_message": ""}}, {"model": "admin.logentry", "pk": 77, "fields": {"action_time": "2017-05-12T09:51:46.218Z", "user": 1, "content_type": 3, "object_id": "15", "object_repr": "DAL477: DAL, 49.95", "action_flag": 3, "change_message": ""}}, {"model": "admin.logentry", "pk": 78, "fields": {"action_time": "2017-05-12T09:51:46.330Z", "user": 1, "content_type": 3, "object_id": "14", "object_repr": "VLG1053: IBE, 49.95", "action_flag": 3, "change_message": ""}}, {"model": "admin.logentry", "pk": 79, "fields": {"action_time": "2017-05-12T09:51:46.442Z", "user": 1, "content_type": 3, "object_id": "13", "object_repr": "VLG1053: IBE, 49.95", "action_flag": 3, "change_message": ""}}, {"model": "admin.logentry", "pk": 80, "fields": {"action_time": "2017-05-12T09:51:46.565Z", "user": 1, "content_type": 3, "object_id": "12", "object_repr": "VLG1053: IBE, 49.95", "action_flag": 3, "change_message": ""}}, {"model": "admin.logentry", "pk": 81, "fields": {"action_time": "2017-05-12T09:51:46.676Z", "user": 1, "content_type": 3, "object_id": "11", "object_repr": "VLG1053: RYA, 49.95", "action_flag": 3, "change_message": ""}}, {"model": "admin.logentry", "pk": 82, "fields": {"action_time": "2017-05-12T09:51:46.799Z", "user": 1, "content_type": 3, "object_id": "10", "object_repr": "IBE3712: IBE, 49.95", "action_flag": 3, "change_message": ""}}, {"model": "admin.logentry", "pk": 83, "fields": {"action_time": "2017-05-12T09:51:46.923Z", "user": 1, "content_type": 3, "object_id": "9", "object_repr": "DAL858: IBE, 49.95", "action_flag": 3, "change_message": ""}}, {"model": "admin.logentry", "pk": 84, "fields": {"action_time": "2017-05-12T09:51:47.045Z", "user": 1, "content_type": 3, "object_id": "6", "object_repr": "DAL858: IBE, 49.95", "action_flag": 3, "change_message": ""}}, {"model": "admin.logentry", "pk": 85, "fields": {"action_time": "2017-05-12T09:51:47.191Z", "user": 1, "content_type": 3, "object_id": "5", "object_repr": "IBE1714: VLG, 49.95", "action_flag": 3, "change_message": ""}}, {"model": "admin.logentry", "pk": 86, "fields": {"action_time": "2017-05-12T09:51:47.302Z", "user": 1, "content_type": 3, "object_id": "4", "object_repr": "VLG1053: VLG, 49.95", "action_flag": 3, "change_message": ""}}, {"model": "admin.logentry", "pk": 87, "fields": {"action_time": "2017-05-12T09:51:47.416Z", "user": 1, "content_type": 3, "object_id": "3", "object_repr": "DAL477: DAL, 49.95", "action_flag": 3, "change_message": ""}}, {"model": "admin.logentry", "pk": 88, "fields": {"action_time": "2017-05-12T09:52:22.413Z", "user": 1, "content_type": 3, "object_id": "25", "object_repr": "VLG1053: VLG, 87", "action_flag": 1, "change_message": "[{\"added\": {}}]"}}, {"model": "admin.logentry", "pk": 89, "fields": {"action_time": "2017-05-12T09:54:24.870Z", "user": 1, "content_type": 3, "object_id": "25", "object_repr": "VLG1053: VLG, 87.00", "action_flag": 2, "change_message": "[{\"changed\": {\"fields\": [\"seat\"]}}]"}}, {"model": "admin.logentry", "pk": 90, "fields": {"action_time": "2017-05-12T09:55:39.357Z", "user": 1, "content_type": 3, "object_id": "25", "object_repr": "VLG1053: VLG, 87.00", "action_flag": 2, "change_message": "[{\"changed\": {\"fields\": [\"seat\"]}}]"}}, {"model": "admin.logentry", "pk": 91, "fields": {"action_time": "2017-05-12T09:56:11.300Z", "user": 1, "content_type": 3, "object_id": "25", "object_repr": "VLG1053: VLG, 87.00", "action_flag": 3, "change_message": ""}}, {"model": "admin.logentry", "pk": 92, "fields": {"action_time": "2017-05-12T09:56:25.228Z", "user": 1, "content_type": 3, "object_id": "26", "object_repr": "VLG1053: VLG, 87", "action_flag": 1, "change_message": "[{\"added\": {}}]"}}, {"model": "admin.logentry", "pk": 93, "fields": {"action_time": "2017-05-12T10:01:25.403Z", "user": 1, "content_type": 3, "object_id": "26", "object_repr": "VLG1053: VLG, 87.00", "action_flag": 2, "change_message": "[{\"changed\": {\"fields\": [\"seat\"]}}]"}}, {"model": "admin.logentry", "pk": 94, "fields": {"action_time": "2017-05-13T15:02:12.986Z", "user": 1, "content_type": 3, "object_id": "31", "object_repr": "VLG6509: IBE, 38.40", "action_flag": 3, "change_message": ""}}, {"model": "admin.logentry", "pk": 95, "fields": {"action_time": "2017-05-13T15:02:12.997Z", "user": 1, "content_type": 3, "object_id": "32", "object_repr": "IBE1714: IBE, 55.17", "action_flag": 3, "change_message": ""}}, {"model": "admin.logentry", "pk": 96, "fields": {"action_time": "2017-05-13T15:02:13.009Z", "user": 1, "content_type": 3, "object_id": "33", "object_repr": "VLG1053: IBE, 70.00", "action_flag": 3, "change_message": ""}}, {"model": "admin.logentry", "pk": 97, "fields": {"action_time": "2017-05-13T15:02:13.025Z", "user": 1, "content_type": 3, "object_id": "34", "object_repr": "VLG1053: IBE, 70.00", "action_flag": 3, "change_message": ""}}, {"model": "admin.logentry", "pk": 98, "fields": {"action_time": "2017-05-13T15:07:52.291Z", "user": 1, "content_type": 3, "object_id": "26", "object_repr": "VLG1053: VLG, 87.00", "action_flag": 2, "change_message": "[{\"changed\": {\"fields\": [\"paid\"]}}]"}}, {"model": "admin.logentry", "pk": 99, "fields": {"action_time": "2017-05-13T15:14:27.439Z", "user": 1, "content_type": 3, "object_id": "35", "object_repr": "DAL477: DAL, 500.00", "action_flag": 3, "change_message": ""}}, {"model": "admin.logentry", "pk": 100, "fields": {"action_time": "2017-05-13T15:14:27.451Z", "user": 1, "content_type": 3, "object_id": "36", "object_repr": "VLG1053: IBE, 70.00", "action_flag": 3, "change_message": ""}}, {"model": "admin.logentry", "pk": 101, "fields": {"action_time": "2017-05-13T15:14:27.461Z", "user": 1, "content_type": 3, "object_id": "37", "object_repr": "IBE1714: IBE, 55.42", "action_flag": 3, "change_message": ""}}, {"model": "admin.logentry", "pk": 102, "fields": {"action_time": "2017-05-13T15:14:27.474Z", "user": 1, "content_type": 3, "object_id": "38", "object_repr": "VLG1053: IBE, 72.21", "action_flag": 3, "change_message": ""}}, {"model": "admin.logentry", "pk": 103, "fields": {"action_time": "2017-05-15T20:34:24.043Z", "user": 1, "content_type": 9, "object_id": "3", "object_repr": "sonia", "action_flag": 2, "change_message": "[{\"changed\": {\"fields\": [\"username\"]}}]"}}, {"model": "admin.logentry", "pk": 104, "fields": {"action_time": "2017-05-15T20:38:46.704Z", "user": 1, "content_type": 9, "object_id": "4", "object_repr": "Matado", "action_flag": 3, "change_message": ""}}, {"model": "admin.logentry", "pk": 105, "fields": {"action_time": "2017-05-15T20:39:56.249Z", "user": 1, "content_type": 9, "object_id": "1", "object_repr": "admin", "action_flag": 2, "change_message": "[{\"changed\": {\"fields\": [\"first_name\", \"last_name\"]}}]"}}, {"model": "admin.logentry", "pk": 106, "fields": {"action_time": "2017-05-17T05:56:27.691Z", "user": 1, "content_type": 2, "object_id": "3", "object_repr": "sonia", "action_flag": 2, "change_message": "[{\"changed\": {\"fields\": [\"money\"]}}]"}}, {"model": "admin.logentry", "pk": 107, "fields": {"action_time": "2017-05-18T16:12:38.464Z", "user": 1, "content_type": 5, "object_id": "4", "object_repr": "RYA", "action_flag": 2, "change_message": "Changed price."}}, {"model": "admin.logentry", "pk": 108, "fields": {"action_time": "2017-05-18T16:12:55.335Z", "user": 1, "content_type": 5, "object_id": "1", "object_repr": "IBE", "action_flag": 2, "change_message": "Changed price."}}, {"model": "admin.logentry", "pk": 109, "fields": {"action_time": "2017-05-18T16:13:11.847Z", "user": 1, "content_type": 5, "object_id": "2", "object_repr": "VLG", "action_flag": 2, "change_message": "Changed price."}}, {"model": "admin.logentry", "pk": 110, "fields": {"action_time": "2017-05-18T16:13:23.856Z", "user": 1, "content_type": 5, "object_id": "3", "object_repr": "DAL", "action_flag": 2, "change_message": "Changed price."}}, {"model": "admin.logentry", "pk": 111, "fields": {"action_time": "2017-05-21T08:53:37.750Z", "user": 1, "content_type": 3, "object_id": "26", "object_repr": "VLG1053: VLG, 87.00", "action_flag": 2, "change_message": "[{\"changed\": {\"fields\": [\"seat\"]}}]"}}, {"model": "admin.logentry", "pk": 112, "fields": {"action_time": "2017-05-21T10:23:21.491Z", "user": 1, "content_type": 3, "object_id": "26", "object_repr": "VLG1053: VLG, 87.00", "action_flag": 2, "change_message": "[{\"changed\": {\"fields\": [\"seat\"]}}]"}}, {"model": "admin.logentry", "pk": 113, "fields": {"action_time": "2017-05-21T10:23:28.678Z", "user": 1, "content_type": 3, "object_id": "68", "object_repr": "VLG1053: IBE, 113.29", "action_flag": 2, "change_message": "[{\"changed\": {\"fields\": [\"seat\"]}}]"}}, {"model": "admin.logentry", "pk": 114, "fields": {"action_time": "2017-05-23T13:58:36.426Z", "user": 1, "content_type": 12, "object_id": "1", "object_repr": "FlightOwner object", "action_flag": 1, "change_message": "[{\"added\": {}}]"}}, {"model": "admin.logentry", "pk": 115, "fields": {"action_time": "2017-05-23T14:09:33.949Z", "user": 1, "content_type": 1, "object_id": "15", "object_repr": "[DAL9999] BCN-MAD : 2017-05-23 14:09:17+00:00 / 2017-05-23 16:09:18+00:00 [CANCELLED]", "action_flag": 1, "change_message": "[{\"added\": {}}]"}}, {"model": "admin.logentry", "pk": 116, "fields": {"action_time": "2017-05-23T14:11:11.126Z", "user": 1, "content_type": 1, "object_id": "15", "object_repr": "[DAL9999] BCN-MAD : 2017-05-23 14:09:17+00:00 / 2017-05-23 16:09:18+00:00 [CANCELLED]", "action_flag": 3, "change_message": ""}}, {"model": "admin.logentry", "pk": 117, "fields": {"action_time": "2017-05-23T14:11:30.072Z", "user": 1, "content_type": 1, "object_id": "16", "object_repr": "[DAL9999] MAD-BCN : 2017-05-23 14:11:19+00:00 / 2017-05-23 14:11:20+00:00 [CANCELLED]", "action_flag": 1, "change_message": "[{\"added\": {}}]"}}, {"model": "admin.logentry", "pk": 118, "fields": {"action_time": "2017-05-23T14:12:35.423Z", "user": 1, "content_type": 12, "object_id": "2", "object_repr": "FlightOwner object", "action_flag": 3, "change_message": ""}}, {"model": "admin.logentry", "pk": 119, "fields": {"action_time": "2017-05-23T14:12:53.784Z", "user": 1, "content_type": 1, "object_id": "17", "object_repr": "[DAL0000] MAD-BCN : 2017-05-23 14:12:45+00:00 / 2017-05-23 14:12:46+00:00 [CANCELLED]", "action_flag": 1, "change_message": "[{\"added\": {}}]"}}, {"model": "admin.logentry", "pk": 120, "fields": {"action_time": "2017-05-23T14:13:41.166Z", "user": 1, "content_type": 1, "object_id": "16", "object_repr": "[DAL9999] MAD-BCN : 2017-05-23 14:11:19+00:00 / 2017-05-23 14:11:20+00:00 [CANCELLED]", "action_flag": 3, "change_message": ""}}, {"model": "admin.logentry", "pk": 121, "fields": {"action_time": "2017-05-23T14:13:55.216Z", "user": 1, "content_type": 1, "object_id": "18", "object_repr": "[DAL0000] MAD-BCN : 2017-05-23 14:13:49+00:00 / 2017-05-23 14:13:50+00:00 [asdads]", "action_flag": 1, "change_message": "[{\"added\": {}}]"}}, {"model": "admin.logentry", "pk": 122, "fields": {"action_time": "2017-05-24T00:13:00.654Z", "user": 1, "content_type": 9, "object_id": "2", "object_repr": "Juanjo", "action_flag": 2, "change_message": "[{\"changed\": {\"fields\": [\"password\"]}}]"}}, {"model": "admin.logentry", "pk": 123, "fields": {"action_time": "2017-05-24T00:15:21.753Z", "user": 1, "content_type": 9, "object_id": "2", "object_repr": "juanjo", "action_flag": 2, "change_message": "[{\"changed\": {\"fields\": [\"username\"]}}]"}}, {"model": "admin.logentry", "pk": 124, "fields": {"action_time": "2017-05-24T00:15:37.100Z", "user": 1, "content_type": 9, "object_id": "2", "object_repr": "juanjo", "action_flag": 2, "change_message": "[{\"changed\": {\"fields\": [\"password\"]}}]"}}, {"model": "flylo.flightowner", "pk": 1, "fields": {"flight": 1, "owner": 2}}, {"model": "flylo.flightowner", "pk": 3, "fields": {"flight": 18, "owner": null}}, {"model": "flylo.client", "pk": 1, "fields": {"user": 1, "money": "1367.35"}}, {"model": "flylo.client", "pk": 2, "fields": {"user": 2, "money": "0.00"}}, {"model": "flylo.client", "pk": 3, "fields": {"user": 3, "money": "7724.36"}}]